{
  "backprop" : true,
  "backpropType" : "Standard",
  "cacheMode" : "NONE",
  "defaultConfiguration" : {
    "cacheMode" : "NONE",
    "epochCount" : 0,
    "iterationCount" : 0,
    "layer" : null,
    "maxNumLineSearchIterations" : 5,
    "miniBatch" : true,
    "minimize" : true,
    "optimizationAlgo" : "STOCHASTIC_GRADIENT_DESCENT",
    "pretrain" : false,
    "seed" : 123,
    "stepFunction" : null,
    "variables" : [ "embeddingEncoder_W", "lstm_W", "lstm_RW", "lstm_b", "bn1_gamma", "bn1_beta", "bn1_mean", "bn1_var", "dense1_W", "dense1_b", "bn2_gamma", "bn2_beta", "bn2_mean", "bn2_var", "output_W", "output_b" ]
  },
  "epochCount" : 8,
  "inferenceWorkspaceMode" : "ENABLED",
  "iterationCount" : 360,
  "legacyBatchScaledL2" : false,
  "networkInputs" : [ "input" ],
  "networkOutputs" : [ "output" ],
  "pretrain" : false,
  "tbpttBackLength" : 20,
  "tbpttFwdLength" : 20,
  "topologicalOrder" : [ 0, 1, 2, 3, 4, 5, 6, 7 ],
  "topologicalOrderStr" : [ "input", "embeddingEncoder", "lstm", "last", "bn1", "dense1", "bn2", "output" ],
  "trainingWorkspaceMode" : "ENABLED",
  "vertexInputs" : {
    "embeddingEncoder" : [ "input" ],
    "lstm" : [ "embeddingEncoder" ],
    "last" : [ "lstm" ],
    "bn1" : [ "last" ],
    "dense1" : [ "bn1" ],
    "bn2" : [ "dense1" ],
    "output" : [ "bn2" ]
  },
  "vertices" : {
    "embeddingEncoder" : {
      "@class" : "org.deeplearning4j.nn.conf.graph.LayerVertex",
      "layerConf" : {
        "cacheMode" : "NONE",
        "epochCount" : 0,
        "iterationCount" : 0,
        "layer" : {
          "@class" : "org.deeplearning4j.nn.conf.layers.misc.FrozenLayer",
          "layer" : {
            "@class" : "org.deeplearning4j.nn.conf.layers.EmbeddingLayer",
            "activationFn" : {
              "@class" : "org.nd4j.linalg.activations.impl.ActivationIdentity"
            },
            "biasInit" : 0.0,
            "biasUpdater" : null,
            "constraints" : null,
            "dist" : null,
            "gradientNormalization" : "ClipElementWiseAbsoluteValue",
            "gradientNormalizationThreshold" : 1.0,
            "hasBias" : false,
            "idropout" : null,
            "iupdater" : {
              "@class" : "org.nd4j.linalg.learning.config.Adam",
              "beta1" : 0.9,
              "beta2" : 0.999,
              "epsilon" : 1.0E-8,
              "learningRate" : 1.0E-4
            },
            "l1" : 0.0,
            "l1Bias" : 0.0,
            "l2" : 1.0E-4,
            "l2Bias" : 0.0,
            "layerName" : "embeddingEncoder",
            "nin" : 15307,
            "nout" : 300,
            "pretrain" : false,
            "weightInit" : "XAVIER",
            "weightNoise" : null
          },
          "constraints" : null,
          "gradientNormalization" : "ClipElementWiseAbsoluteValue",
          "gradientNormalizationThreshold" : 1.0,
          "idropout" : null,
          "layerName" : "embeddingEncoder",
          "pretrain" : false
        },
        "maxNumLineSearchIterations" : 5,
        "miniBatch" : true,
        "minimize" : true,
        "optimizationAlgo" : "STOCHASTIC_GRADIENT_DESCENT",
        "pretrain" : false,
        "seed" : 123,
        "stepFunction" : null,
        "variables" : [ "W" ]
      },
      "outputVertex" : false,
      "preProcessor" : {
        "@class" : "org.deeplearning4j.nn.conf.preprocessor.RnnToFeedForwardPreProcessor"
      }
    },
    "lstm" : {
      "@class" : "org.deeplearning4j.nn.conf.graph.LayerVertex",
      "layerConf" : {
        "cacheMode" : "NONE",
        "epochCount" : 0,
        "iterationCount" : 0,
        "layer" : {
          "@class" : "org.deeplearning4j.nn.conf.layers.LSTM",
          "activationFn" : {
            "@class" : "org.nd4j.linalg.activations.impl.ActivationTanH"
          },
          "biasInit" : 0.0,
          "biasUpdater" : null,
          "constraints" : null,
          "dist" : null,
          "distRecurrent" : null,
          "forgetGateBiasInit" : 1.0,
          "gateActivationFn" : {
            "@class" : "org.nd4j.linalg.activations.impl.ActivationSigmoid"
          },
          "gradientNormalization" : "ClipElementWiseAbsoluteValue",
          "gradientNormalizationThreshold" : 1.0,
          "idropout" : null,
          "iupdater" : {
            "@class" : "org.nd4j.linalg.learning.config.Adam",
            "beta1" : 0.9,
            "beta2" : 0.999,
            "epsilon" : 1.0E-8,
            "learningRate" : 1.0E-4
          },
          "l1" : 0.0,
          "l1Bias" : 0.0,
          "l2" : 1.0E-4,
          "l2Bias" : 0.0,
          "layerName" : "lstm",
          "nin" : 300,
          "nout" : 300,
          "pretrain" : false,
          "weightInit" : "XAVIER",
          "weightInitRecurrent" : "XAVIER",
          "weightNoise" : null
        },
        "maxNumLineSearchIterations" : 5,
        "miniBatch" : true,
        "minimize" : true,
        "optimizationAlgo" : "STOCHASTIC_GRADIENT_DESCENT",
        "pretrain" : false,
        "seed" : 123,
        "stepFunction" : null,
        "variables" : [ "W", "RW", "b" ]
      },
      "outputVertex" : false,
      "preProcessor" : {
        "@class" : "org.deeplearning4j.nn.conf.preprocessor.FeedForwardToRnnPreProcessor"
      }
    },
    "last" : {
      "@class" : "org.deeplearning4j.nn.conf.graph.rnn.LastTimeStepVertex",
      "maskArrayInputName" : "input"
    },
    "bn1" : {
      "@class" : "org.deeplearning4j.nn.conf.graph.LayerVertex",
      "layerConf" : {
        "cacheMode" : "NONE",
        "epochCount" : 0,
        "iterationCount" : 0,
        "layer" : {
          "@class" : "org.deeplearning4j.nn.conf.layers.BatchNormalization",
          "activationFn" : {
            "@class" : "org.nd4j.linalg.activations.impl.ActivationSigmoid"
          },
          "beta" : 0.0,
          "biasInit" : 0.0,
          "biasUpdater" : null,
          "constraints" : null,
          "cudnnAllowFallback" : true,
          "decay" : 0.9,
          "dist" : null,
          "eps" : 1.0E-5,
          "gamma" : 1.0,
          "gradientNormalization" : "ClipElementWiseAbsoluteValue",
          "gradientNormalizationThreshold" : 1.0,
          "idropout" : null,
          "iupdater" : {
            "@class" : "org.nd4j.linalg.learning.config.Adam",
            "beta1" : 0.9,
            "beta2" : 0.999,
            "epsilon" : 1.0E-8,
            "learningRate" : 1.0E-4
          },
          "l1" : 0.0,
          "l1Bias" : 0.0,
          "l2" : 1.0E-4,
          "l2Bias" : 0.0,
          "layerName" : "bn1",
          "lockGammaBeta" : false,
          "minibatch" : true,
          "nin" : 300,
          "nout" : 300,
          "pretrain" : false,
          "weightInit" : "XAVIER",
          "weightNoise" : null
        },
        "maxNumLineSearchIterations" : 5,
        "miniBatch" : true,
        "minimize" : true,
        "optimizationAlgo" : "STOCHASTIC_GRADIENT_DESCENT",
        "pretrain" : false,
        "seed" : 123,
        "stepFunction" : null,
        "variables" : [ "gamma", "beta", "mean", "var" ]
      },
      "outputVertex" : false,
      "preProcessor" : null
    },
    "dense1" : {
      "@class" : "org.deeplearning4j.nn.conf.graph.LayerVertex",
      "layerConf" : {
        "cacheMode" : "NONE",
        "epochCount" : 0,
        "iterationCount" : 0,
        "layer" : {
          "@class" : "org.deeplearning4j.nn.conf.layers.DenseLayer",
          "activationFn" : {
            "@class" : "org.nd4j.linalg.activations.impl.ActivationLReLU",
            "alpha" : 0.01
          },
          "biasInit" : 0.0,
          "biasUpdater" : null,
          "constraints" : null,
          "dist" : null,
          "gradientNormalization" : "ClipElementWiseAbsoluteValue",
          "gradientNormalizationThreshold" : 1.0,
          "hasBias" : true,
          "idropout" : null,
          "iupdater" : {
            "@class" : "org.nd4j.linalg.learning.config.Adam",
            "beta1" : 0.9,
            "beta2" : 0.999,
            "epsilon" : 1.0E-8,
            "learningRate" : 1.0E-4
          },
          "l1" : 0.0,
          "l1Bias" : 0.0,
          "l2" : 1.0E-4,
          "l2Bias" : 0.0,
          "layerName" : "dense1",
          "nin" : 300,
          "nout" : 100,
          "pretrain" : false,
          "weightInit" : "XAVIER",
          "weightNoise" : null
        },
        "maxNumLineSearchIterations" : 5,
        "miniBatch" : true,
        "minimize" : true,
        "optimizationAlgo" : "STOCHASTIC_GRADIENT_DESCENT",
        "pretrain" : false,
        "seed" : 123,
        "stepFunction" : null,
        "variables" : [ "W", "b" ]
      },
      "outputVertex" : false,
      "preProcessor" : null
    },
    "bn2" : {
      "@class" : "org.deeplearning4j.nn.conf.graph.LayerVertex",
      "layerConf" : {
        "cacheMode" : "NONE",
        "epochCount" : 0,
        "iterationCount" : 0,
        "layer" : {
          "@class" : "org.deeplearning4j.nn.conf.layers.BatchNormalization",
          "activationFn" : {
            "@class" : "org.nd4j.linalg.activations.impl.ActivationSigmoid"
          },
          "beta" : 0.0,
          "biasInit" : 0.0,
          "biasUpdater" : null,
          "constraints" : null,
          "cudnnAllowFallback" : true,
          "decay" : 0.9,
          "dist" : null,
          "eps" : 1.0E-5,
          "gamma" : 1.0,
          "gradientNormalization" : "ClipElementWiseAbsoluteValue",
          "gradientNormalizationThreshold" : 1.0,
          "idropout" : null,
          "iupdater" : {
            "@class" : "org.nd4j.linalg.learning.config.Adam",
            "beta1" : 0.9,
            "beta2" : 0.999,
            "epsilon" : 1.0E-8,
            "learningRate" : 1.0E-4
          },
          "l1" : 0.0,
          "l1Bias" : 0.0,
          "l2" : 1.0E-4,
          "l2Bias" : 0.0,
          "layerName" : "bn2",
          "lockGammaBeta" : false,
          "minibatch" : true,
          "nin" : 100,
          "nout" : 100,
          "pretrain" : false,
          "weightInit" : "XAVIER",
          "weightNoise" : null
        },
        "maxNumLineSearchIterations" : 5,
        "miniBatch" : true,
        "minimize" : true,
        "optimizationAlgo" : "STOCHASTIC_GRADIENT_DESCENT",
        "pretrain" : false,
        "seed" : 123,
        "stepFunction" : null,
        "variables" : [ "gamma", "beta", "mean", "var" ]
      },
      "outputVertex" : false,
      "preProcessor" : null
    },
    "output" : {
      "@class" : "org.deeplearning4j.nn.conf.graph.LayerVertex",
      "layerConf" : {
        "cacheMode" : "NONE",
        "epochCount" : 0,
        "iterationCount" : 0,
        "layer" : {
          "@class" : "org.deeplearning4j.nn.conf.layers.OutputLayer",
          "activationFn" : {
            "@class" : "org.nd4j.linalg.activations.impl.ActivationSoftmax"
          },
          "biasInit" : 0.0,
          "biasUpdater" : null,
          "constraints" : null,
          "dist" : null,
          "gradientNormalization" : "ClipElementWiseAbsoluteValue",
          "gradientNormalizationThreshold" : 1.0,
          "hasBias" : true,
          "idropout" : null,
          "iupdater" : {
            "@class" : "org.nd4j.linalg.learning.config.Adam",
            "beta1" : 0.9,
            "beta2" : 0.999,
            "epsilon" : 1.0E-8,
            "learningRate" : 1.0E-4
          },
          "l1" : 0.0,
          "l1Bias" : 0.0,
          "l2" : 1.0E-4,
          "l2Bias" : 0.0,
          "layerName" : "output",
          "legacyBatchScaledL2" : false,
          "lossFn" : {
            "@class" : "org.nd4j.linalg.lossfunctions.impl.LossMCXENT",
            "softmaxClipEps" : 1.0E-10,
            "configProperties" : false,
            "numOutputs" : -1
          },
          "nin" : 100,
          "nout" : 2,
          "pretrain" : false,
          "weightInit" : "XAVIER",
          "weightNoise" : null
        },
        "maxNumLineSearchIterations" : 5,
        "miniBatch" : true,
        "minimize" : true,
        "optimizationAlgo" : "STOCHASTIC_GRADIENT_DESCENT",
        "pretrain" : false,
        "seed" : 123,
        "stepFunction" : null,
        "variables" : [ "W", "b" ]
      },
      "outputVertex" : false,
      "preProcessor" : null
    }
  }
}